<?xml version="1.0" encoding="utf-8" ?>
<dados path="/imagem/">
	<dado>
		<imagem>bellagio.jpg</imagem>
		<titulo><![CDATA[BELLAGIO]]></titulo>
		<subtitulo><![CDATA[]]></subtitulo>
		<pinos id="imagem_bellagio">
			<pino>
				<source>pino1</source>
				<text><![CDATA[Trilho Superior]]></text>
				<x>620</x>
				<y>184</y>
			</pino>
			<pino>
				<source>pino2</source>
				<text><![CDATA[Painel Dupla Face]]></text>
				<x>436</x>
				<y>374</y>
			</pino>
			<pino>
				<source>pino2</source>
				<text><![CDATA[Puxador]]></text>
				<x>550</x>
				<y>634</y>
			</pino>
			<pino>
				<source>pino4</source>
				<text><![CDATA[Trilho Inferior]]></text>
				<x>676</x>
				<y>854</y>
			</pino>
		</pinos>
	</dado>
	<dado>
		<imagem>cristal.jpg</imagem>
		<titulo><![CDATA[LINHA CRISTAL]]></titulo>
		<subtitulo><![CDATA[]]></subtitulo>
		<pinos id="imagem_cristal">
			<pino>
				<source>pino1</source>
				<text><![CDATA[Aluminio com estrutura interna]]></text>
				<x>358</x>
				<y>412</y>
			</pino>
			<pino>
				<source>pino4</source>
				<text><![CDATA[Fecho Toque]]></text>
				<x>368</x>
				<y>848</y>
			</pino>
		</pinos>
	</dado>
	<dado>
		<imagem>roma.jpg</imagem>
		<titulo><![CDATA[LINHA ROMA]]></titulo>
		<subtitulo><![CDATA[]]></subtitulo>
		<pinos id="imagem_roma">
			<pino>
				<source>pino1</source>
				<text><![CDATA[Vidro ou MDF]]></text>
				<x>310</x>
				<y>158</y>
			</pino>
			<pino>
				<source>pino4</source>
				<text><![CDATA[Diversas opções de acabamento]]></text>
				<x>368</x>
				<y>355</y>
			</pino>
		</pinos>
	</dado>
	<dado>
		<imagem>acquaplus.jpg</imagem>
		<titulo><![CDATA[LINHA KIT BOX ACQUA PLUS]]></titulo>
		<subtitulo><![CDATA[]]></subtitulo>
		<pinos id="imagem_acquaplus">
			<pino>
				<source>pino1</source>
				<text><![CDATA[Batedor regulavel]]></text>
				<x>90</x>
				<y>672</y>
			</pino>
			<pino>
				<source>pino4</source>
				<text><![CDATA[Guia inferior reforçada]]></text>
				<x>723</x>
				<y>1155</y>
			</pino>
		</pinos>
	</dado>
	<dado>
		<imagem>acqua.jpg</imagem>
		<titulo><![CDATA[LINHA ACQUA]]></titulo>
		<subtitulo><![CDATA[]]></subtitulo>
		<pinos id="imagem_acqua">
			<pino>
				<source>pino2</source>
				<text><![CDATA[Variedade de cores]]></text>
				<x>647</x>
				<y>219</y>
			</pino>
			<pino>
				<source>pino2</source>
				<text><![CDATA[Perfeita harmonia com vidro de 8mm]]></text>
				<x>416</x>
				<y>521</y>
			</pino>
				<pino>
				<source>pino4</source>
				<text><![CDATA[Perfil "u" de base maior]]></text>
				<x>629</x>
				<y>862</y>
			</pino>
		</pinos>
	</dado>
	<dado>
		<imagem>milan.jpg</imagem>
		<titulo><![CDATA[LINHA MILAN]]></titulo>
		<subtitulo><![CDATA[]]></subtitulo>
		<pinos id="imagem_milan">
			<pino>
				<source>pino2</source>
				<text><![CDATA[Porta deslizante]]></text>
				<x>591</x>
				<y>389</y>
			</pino>
			<pino>
				<source>pino2</source>
				<text><![CDATA[Puxador vertical ou concha]]></text>
				<x>462</x>
				<y>405</y>
			</pino>
				<pino>
				<source>pino4</source>
				<text><![CDATA[Trilho embutido]]></text>
				<x>431</x>
				<y>705</y>
			</pino>
		</pinos>
	</dado>
	<dado>
		<imagem>light.jpg</imagem>
		<titulo><![CDATA[LINHA LIGHT]]></titulo>
		<subtitulo><![CDATA[PORTAS DESLIZANTES]]></subtitulo>
		<pinos id="imagem_light">
			<pino>
				<source>pino2</source>
				<text><![CDATA[Porta deslizante]]></text>
				<x>542</x>
				<y>353</y>
			</pino>
			<pino>
				<source>pino2</source>
				<text><![CDATA[Puxador vertical como parte da estrutura]]></text>
				<x>597</x>
				<y>563</y>
			</pino>
				<pino>
				<source>pino4</source>
				<text><![CDATA[Trilho inferior]]></text>
				<x>780</x>
				<y>845</y>
			</pino>
		</pinos>
	</dado>
	<dado>
       <imagem>vicenza.jpg</imagem>
       <titulo><![CDATA[LINHA VICENZA]]></titulo>
       <subtitulo><![CDATA[LIBERDADE NA ESCOLHA DAS MEDIDAS E ACABAMENTO]]></subtitulo>
       <pinos id="imagem_vicenza">
           <pino>
               <source>pino2</source>
               <text><![CDATA[Pouco perfil aparente]]></text>
               <x>1155</x>
               <y>234</y>
           </pino>
           <pino>
               <source>pino2</source>
               <text><![CDATA[Perfil puxador]]></text>
               <x>1174</x>
               <y>552</y>
           </pino>
       </pinos> 
    </dado>
	<dado>
		<imagem>rimini.jpg</imagem>
		<titulo><![CDATA[LINHA RIMINI]]></titulo>
		<subtitulo><![CDATA[]]></subtitulo>
		<pinos id="imagem_rimini">
			<pino>
				<source>pino1</source>
				<text><![CDATA[Perfis arredondados]]></text>
				<x>526</x>
				<y>226</y>
			</pino>
			<pino>
				<source>pino1</source>
				<text><![CDATA[Porta dupla face sem travessa]]></text>
				<x>535</x>
				<y>395</y>
			</pino>
				<pino>
				<source>pino4</source>
				<text><![CDATA[Sem trilho no piso]]></text>
				<x>879</x>
				<y>670</y>
			</pino>
		</pinos>
	</dado>
	<dado>
		<imagem>verona.jpg</imagem>
		<titulo><![CDATA[LINHA VERONA]]></titulo>
		<subtitulo><![CDATA[MOVEL MODULAR EM ALUMÍNIO]]></subtitulo>
		<pinos id="imagem_verona">
			<pino>
				<source>pino1</source>
				<text><![CDATA[Prateleira de vidro ou madeira]]></text>
				<x>526</x>
				<y>226</y>
			</pino>
			<pino>
				<source>pino1</source>
				<text><![CDATA[Cabideiro]]></text>
				<x>586</x>
				<y>238</y>
			</pino>
			<pino>
				<source>pino1</source>
				<text><![CDATA[Sapateiro]]></text>
				<x>885</x>
				<y>278</y>
			</pino>
			<pino>
				<source>pino4</source>
				<text><![CDATA[Gaveteiro]]></text>
				<x>935</x>
				<y>379</y>
			</pino>
			<pino>
				<source>pino1</source>
				<text><![CDATA[Piso parede]]></text>
				<x>1118</x>
				<y>86</y>
			</pino>
		</pinos>
	</dado>
	<dado>
		<imagem>kitengenharia.jpg</imagem>
		<titulo><![CDATA[KIT ENGENHARIA]]></titulo>
		<subtitulo><![CDATA[]]></subtitulo>
		<pinos id="imagem_kitengenharia">
			<pino>
				<source>pino1</source>
				<text><![CDATA[Batedor superior]]></text>
				<x>620</x>
				<y>263</y>
			</pino>
			<pino>
				<source>pino1</source>
				<text><![CDATA[Puxador]]></text>
				<x>498</x>
				<y>494</y>
			</pino>
			<pino>
				<source>pino4</source>
				<text><![CDATA[Fechamento de vãos]]></text>
				<x>410</x>
				<y>683</y>
			</pino>
		</pinos>
	</dado>
</dados>